scenario,year,category,expanded_capex_bn_eur_per_yr,opex_bn_eur_per_yr,cost_in_objective_bn_eur_per_yr,delta_vs_build_bn_eur_per_yr,share_of_delta_vs_build_pct
Build,2030,DSO,30.6658,0.0339,30.6997,0.0000,0.0000
Build,2030,TSO_AC,1.1005,0.0000,1.1005,0.0000,0.0000
Build,2030,TSO_DC,0.9996,0.0020,1.0016,0.0000,0.0000
Build,2030,biomass,3.9257,7.6062,11.5319,0.0000,0.0000
Build,2030,boilers,2.3584,0.0178,2.3763,0.0000,0.0000
Build,2030,carbon_price,0.0000,165.1541,165.1541,0.0000,0.0000
Build,2030,ccs,4.3832,0.0068,4.3900,0.0000,0.0000
Build,2030,firm_power,0.0000,18.3575,18.3575,0.0000,0.0000
Build,2030,fossil_and_unsustainable_fuel,0.0000,110.6221,110.6221,0.0000,0.0000
Build,2030,fuel_stores,2.3238,3.1968,5.5206,0.0000,0.0000
Build,2030,gas_power,0.0120,1.5621,1.5741,0.0000,0.0000
Build,2030,gas_storage,31.1213,0.0000,31.1213,0.0000,0.0000
Build,2030,grid_battery,7.2827,0.0009,7.2836,0.0000,0.0000
Build,2030,heat_pumps,26.4233,-0.0172,26.4061,0.0000,0.0000
Build,2030,heat_storage,0.3699,0.0056,0.3754,0.0000,0.0000
Build,2030,home_battery,2.9473,0.0002,2.9476,0.0000,0.0000
Build,2030,hydrogen,0.0724,6.1001,6.1725,0.0000,0.0000
Build,2030,load_shedding,0.0000,0.0654,0.0654,0.0000,0.0000
Build,2030,oil,0.0000,185.5632,185.5632,0.0000,0.0000
Build,2030,other,0.0733,0.1116,0.1849,0.0000,0.0000
Build,2030,solar_rooftop,33.7355,0.0144,33.7499,0.0000,0.0000
Build,2030,solar_thermal,0.0052,0.0000,0.0052,0.0000,0.0000
Build,2030,synthetic_fuels,1.2930,0.0011,1.2941,0.0000,0.0000
Build,2030,utility_vre,52.1758,0.0434,52.2192,0.0000,0.0000
Build,2030,residual_vs_objective,0.0000,-0.0000,-0.0000,0.0000,0.0000
85%,2030,fossil_and_unsustainable_fuel,0.0000,116.7532,116.7532,6.1312,122.9650
85%,2030,solar_rooftop,38.3114,0.0163,38.3276,4.5778,91.8107
85%,2030,carbon_price,0.0000,169.3895,169.3895,4.2354,84.9431
85%,2030,home_battery,6.1970,0.0011,6.1981,3.2506,65.1928
85%,2030,boilers,4.2108,0.0219,4.2327,1.8564,37.2322
85%,2030,TSO_DC,1.5176,0.0023,1.5199,0.5183,10.3942
85%,2030,oil,0.0000,185.7888,185.7888,0.2256,4.5255
85%,2030,other,0.0894,0.1118,0.2012,0.0162,0.3259
85%,2030,hydrogen,0.0768,6.1004,6.1772,0.0047,0.0940
85%,2030,gas_storage,31.1234,0.0000,31.1234,0.0021,0.0423
85%,2030,solar_thermal,0.0059,0.0000,0.0059,0.0007,0.0134
85%,2030,ccs,4.3838,0.0068,4.3906,0.0006,0.0117
85%,2030,residual_vs_objective,0.0000,-0.0000,-0.0000,0.0000,0.0000
85%,2030,grid_battery,7.2825,0.0009,7.2834,-0.0002,-0.0032
85%,2030,load_shedding,0.0000,0.0629,0.0629,-0.0025,-0.0506
85%,2030,synthetic_fuels,1.2724,0.0011,1.2735,-0.0206,-0.4128
85%,2030,heat_storage,0.3464,0.0053,0.3517,-0.0237,-0.4761
85%,2030,biomass,3.9250,7.5487,11.4737,-0.0582,-1.1676
85%,2030,fuel_stores,2.1643,3.1370,5.3013,-0.2192,-4.3967
85%,2030,TSO_AC,0.7980,0.0000,0.7980,-0.3025,-6.0674
85%,2030,firm_power,0.0000,17.9322,17.9322,-0.4252,-8.5279
85%,2030,gas_power,0.0128,0.9150,0.9279,-0.6462,-12.9602
85%,2030,DSO,26.0660,0.0315,26.0974,-4.6022,-92.3014
85%,2030,heat_pumps,21.6983,-0.0142,21.6841,-4.7220,-94.7033
85%,2030,utility_vre,47.3677,0.0407,47.4084,-4.8108,-96.4836
75%,2030,home_battery,23.4106,0.0045,23.4150,20.4675,48.6637
75%,2030,solar_rooftop,52.7600,0.0216,52.7817,19.0318,45.2502
75%,2030,fuel_stores,13.6062,3.1199,16.7262,11.2056,26.6426
75%,2030,fossil_and_unsustainable_fuel,0.0000,117.5390,117.5390,6.9169,16.4458
75%,2030,carbon_price,0.0000,169.9707,169.9707,4.8166,11.4520
75%,2030,load_shedding,0.0000,3.8658,3.8658,3.8004,9.0358
75%,2030,boilers,5.5468,0.0248,5.5716,3.1953,7.5972
75%,2030,TSO_DC,1.7722,0.0025,1.7747,0.7731,1.8381
75%,2030,oil,0.0000,185.9271,185.9271,0.3639,0.8652
75%,2030,hydrogen,0.1685,6.1005,6.2689,0.0964,0.2293
75%,2030,other,0.1159,0.1122,0.2281,0.0432,0.1027
75%,2030,heat_storage,0.3811,0.0050,0.3861,0.0107,0.0254
75%,2030,gas_storage,31.1245,0.0000,31.1245,0.0032,0.0077
75%,2030,solar_thermal,0.0052,0.0000,0.0052,0.0000,0.0001
75%,2030,residual_vs_objective,0.0000,-0.0000,-0.0000,0.0000,0.0000
75%,2030,grid_battery,7.2825,0.0010,7.2834,-0.0002,-0.0004
75%,2030,ccs,4.3778,0.0068,4.3846,-0.0054,-0.0129
75%,2030,synthetic_fuels,1.2805,0.0011,1.2816,-0.0125,-0.0297
75%,2030,biomass,3.9227,7.3066,11.2292,-0.3027,-0.7197
75%,2030,TSO_AC,0.5772,0.0000,0.5772,-0.5233,-1.2442
75%,2030,firm_power,0.0000,17.2066,17.2066,-1.1508,-2.7363
75%,2030,gas_power,0.0105,0.2781,0.2886,-1.2855,-3.0563
75%,2030,heat_pumps,20.1293,-0.0126,20.1167,-6.2895,-14.9540
75%,2030,DSO,23.0000,0.0285,23.0285,-7.6712,-18.2392
75%,2030,utility_vre,40.7581,0.0365,40.7947,-11.4245,-27.1631
65%,2030,home_battery,115.3527,0.0085,115.3613,112.4137,59.8020
65%,2030,load_shedding,0.0000,50.6901,50.6901,50.6247,26.9314
65%,2030,solar_rooftop,56.3887,0.0229,56.4117,22.6618,12.0557
65%,2030,fossil_and_unsustainable_fuel,0.0000,122.8818,122.8818,12.2598,6.5220
65%,2030,fuel_stores,13.6280,3.1130,16.7410,11.2204,5.9690
65%,2030,carbon_price,0.0000,173.9120,173.9120,8.7579,4.6590
65%,2030,boilers,6.6020,0.0279,6.6299,4.2536,2.2628
65%,2030,hydrogen,2.2428,6.1013,8.3441,2.1716,1.1552
65%,2030,oil,0.0000,186.3329,186.3329,0.7697,0.4095
65%,2030,other,0.1352,0.1128,0.2480,0.0631,0.0336
65%,2030,residual_vs_objective,0.0000,-0.0000,-0.0000,-0.0000,-0.0000
65%,2030,solar_thermal,0.0048,0.0000,0.0048,-0.0005,-0.0002
65%,2030,gas_storage,31.1207,0.0000,31.1207,-0.0006,-0.0003
65%,2030,grid_battery,7.2818,0.0009,7.2827,-0.0009,-0.0005
65%,2030,synthetic_fuels,1.2732,0.0010,1.2742,-0.0199,-0.0106
65%,2030,heat_storage,0.2405,0.0027,0.2432,-0.1322,-0.0703
65%,2030,ccs,4.2094,0.0062,4.2156,-0.1744,-0.0928
65%,2030,TSO_AC,0.5538,0.0000,0.5538,-0.5468,-0.2909
65%,2030,biomass,3.9191,7.0146,10.9337,-0.5982,-0.3182
65%,2030,TSO_DC,0.2206,0.0017,0.2223,-0.7793,-0.4146
65%,2030,gas_power,0.0074,0.0620,0.0694,-1.5047,-0.8005
65%,2030,firm_power,0.0000,15.8240,15.8240,-2.5334,-1.3477
65%,2030,heat_pumps,19.4161,-0.0109,19.4051,-7.0010,-3.7244
65%,2030,DSO,19.9330,0.0266,19.9596,-10.7401,-5.7135
65%,2030,utility_vre,38.9955,0.0360,39.0315,-13.1877,-7.0156
50%,2030,load_shedding,0.0000,1568.4813,1568.4813,1568.4159,88.0883
50%,2030,home_battery,168.1098,0.0087,168.1185,165.1709,9.2766
50%,2030,fossil_and_unsustainable_fuel,0.0000,137.4503,137.4503,26.8282,1.5068
50%,2030,solar_rooftop,56.3887,0.0230,56.4117,22.6618,1.2728
50%,2030,carbon_price,0.0000,184.1327,184.1327,18.9786,1.0659
50%,2030,heat_pumps,34.2498,-0.0088,34.2410,7.8348,0.4400
50%,2030,boilers,9.1111,0.0332,9.1442,6.7679,0.3801
50%,2030,fuel_stores,6.1155,3.1128,9.2283,3.7077,0.2082
50%,2030,hydrogen,2.3303,6.1003,8.4306,2.2581,0.1268
50%,2030,oil,0.0000,186.4593,186.4593,0.8961,0.0503
50%,2030,heat_storage,0.4817,0.0040,0.4857,0.1103,0.0062
50%,2030,other,0.1438,0.1154,0.2591,0.0742,0.0042
50%,2030,solar_thermal,0.0101,0.0000,0.0101,0.0049,0.0003
50%,2030,gas_storage,31.1223,0.0000,31.1223,0.0010,0.0001
50%,2030,residual_vs_objective,0.0000,-0.0000,-0.0000,-0.0000,-0.0000
50%,2030,grid_battery,7.2815,0.0008,7.2822,-0.0014,-0.0001
50%,2030,synthetic_fuels,1.2636,0.0011,1.2646,-0.0295,-0.0017
50%,2030,ccs,4.1808,0.0061,4.1869,-0.2031,-0.0114
50%,2030,biomass,3.9183,6.7108,10.6291,-0.9029,-0.0507
50%,2030,TSO_DC,0.0022,0.0015,0.0037,-0.9979,-0.0560
50%,2030,TSO_AC,0.0800,0.0000,0.0800,-1.0206,-0.0573
50%,2030,gas_power,0.0077,0.0099,0.0177,-1.5564,-0.0874
50%,2030,firm_power,0.0000,8.3872,8.3872,-9.9703,-0.5600
50%,2030,utility_vre,39.0030,0.0352,39.0382,-13.1810,-0.7403
50%,2030,DSO,15.3330,0.0226,15.3556,-15.3441,-0.8618
Build,2040,DSO,14.1844,0.0675,14.2519,0.0000,0.0000
Build,2040,TSO_AC,2.4850,0.0000,2.4850,0.0000,0.0000
Build,2040,TSO_DC,7.1075,0.0049,7.1125,0.0000,0.0000
Build,2040,biomass,10.2265,27.7494,37.9759,0.0000,0.0000
Build,2040,boilers,46.7012,2.1560,48.8572,0.0000,0.0000
Build,2040,carbon_price,0.0000,116.2763,116.2763,0.0000,0.0000
Build,2040,ccs,8.9778,0.0253,9.0030,0.0000,0.0000
Build,2040,firm_power,0.0000,15.8778,15.8778,0.0000,0.0000
Build,2040,fossil_and_unsustainable_fuel,0.0000,13.9202,13.9202,0.0000,0.0000
Build,2040,fuel_stores,9.6158,0.9696,10.5854,0.0000,0.0000
Build,2040,gas_power,9.1739,0.2367,9.4107,0.0000,0.0000
Build,2040,gas_storage,31.1180,0.0000,31.1180,0.0000,0.0000
Build,2040,grid_battery,11.9856,0.0024,11.9880,0.0000,0.0000
Build,2040,heat_pumps,42.3026,-0.0338,42.2687,0.0000,0.0000
Build,2040,heat_storage,1.5508,0.0108,1.5615,0.0000,0.0000
Build,2040,home_battery,6.8194,0.0016,6.8209,0.0000,0.0000
Build,2040,hydrogen,17.0373,6.1064,23.1437,0.0000,0.0000
Build,2040,load_shedding,0.0000,0.2275,0.2275,0.0000,0.0000
Build,2040,oil,0.0000,117.4871,117.4871,0.0000,0.0000
Build,2040,other,0.0017,0.0747,0.0764,0.0000,0.0000
Build,2040,solar_rooftop,12.8847,0.0277,12.9124,0.0000,0.0000
Build,2040,solar_thermal,0.0032,0.0000,0.0032,0.0000,0.0000
Build,2040,synthetic_fuels,2.9269,0.0037,2.9306,0.0000,0.0000
Build,2040,utility_vre,126.8441,0.1038,126.9478,0.0000,0.0000
Build,2040,residual_vs_objective,0.0000,-0.0000,-0.0000,0.0000,0.0000
85%,2040,boilers,57.0761,2.6322,59.7083,10.8511,125.4647
85%,2040,biomass,10.7372,30.6597,41.3969,3.4210,39.5546
85%,2040,hydrogen,19.5207,6.1127,25.6335,2.4898,28.7879
85%,2040,heat_pumps,44.6845,-0.0321,44.6524,2.3837,27.5612
85%,2040,synthetic_fuels,3.5615,0.0044,3.5659,0.6353,7.3459
85%,2040,TSO_DC,7.5412,0.0051,7.5463,0.4338,5.0155
85%,2040,firm_power,0.0000,16.0414,16.0414,0.1636,1.8916
85%,2040,load_shedding,0.0000,0.3227,0.3227,0.0951,1.1000
85%,2040,fossil_and_unsustainable_fuel,0.0000,13.9379,13.9379,0.0178,0.2053
85%,2040,ccs,8.9865,0.0250,9.0115,0.0085,0.0983
85%,2040,TSO_AC,2.4910,0.0000,2.4910,0.0061,0.0700
85%,2040,gas_storage,31.1191,0.0000,31.1191,0.0011,0.0127
85%,2040,carbon_price,0.0000,116.2764,116.2764,0.0001,0.0012
85%,2040,residual_vs_objective,0.0000,-0.0000,-0.0000,0.0000,0.0000
85%,2040,solar_thermal,0.0032,0.0000,0.0032,-0.0001,-0.0009
85%,2040,other,0.0024,0.0704,0.0728,-0.0036,-0.0420
85%,2040,oil,0.0000,117.4832,117.4832,-0.0039,-0.0451
85%,2040,grid_battery,11.8388,0.0025,11.8413,-0.1467,-1.6964
85%,2040,solar_rooftop,12.6651,0.0303,12.6954,-0.2170,-2.5087
85%,2040,heat_storage,1.2662,0.0096,1.2758,-0.2858,-3.3042
85%,2040,home_battery,6.1599,0.0021,6.1620,-0.6590,-7.6191
85%,2040,utility_vre,125.7639,0.0996,125.8635,-1.0844,-12.5378
85%,2040,DSO,12.0560,0.0662,12.1222,-2.1297,-24.6244
85%,2040,fuel_stores,6.0825,0.9650,7.0475,-3.5379,-40.9065
85%,2040,gas_power,5.4821,0.1384,5.6205,-3.7902,-43.8235
75%,2040,biomass,17.8685,48.5248,66.3932,28.4174,165.1164
75%,2040,boilers,67.4400,2.7991,70.2391,21.3819,124.2375
75%,2040,hydrogen,20.6577,6.1427,26.8004,3.6568,21.2473
75%,2040,synthetic_fuels,3.4885,0.0042,3.4927,0.5621,3.2659
75%,2040,firm_power,0.0000,15.9463,15.9463,0.0685,0.3977
75%,2040,fossil_and_unsustainable_fuel,0.0000,13.9361,13.9361,0.0160,0.0927
75%,2040,gas_storage,31.1197,0.0000,31.1197,0.0018,0.0104
75%,2040,solar_thermal,0.0041,0.0000,0.0041,0.0008,0.0049
75%,2040,carbon_price,0.0000,116.2765,116.2765,0.0001,0.0009
75%,2040,residual_vs_objective,0.0000,-0.0000,-0.0000,-0.0000,-0.0000
75%,2040,other,0.0038,0.0715,0.0753,-0.0011,-0.0064
75%,2040,oil,0.0000,117.4856,117.4856,-0.0015,-0.0088
75%,2040,TSO_DC,7.0979,0.0048,7.1028,-0.0097,-0.0563
75%,2040,ccs,8.9517,0.0254,8.9771,-0.0260,-0.1508
75%,2040,load_shedding,0.0000,0.0452,0.0452,-0.1823,-1.0594
75%,2040,TSO_AC,2.3000,0.0000,2.3000,-0.1850,-1.0747
75%,2040,heat_storage,0.9960,0.0088,1.0049,-0.5567,-3.2345
75%,2040,grid_battery,10.5859,0.0021,10.5881,-1.4000,-8.1343
75%,2040,heat_pumps,40.7767,-0.0288,40.7479,-1.5208,-8.8367
75%,2040,home_battery,4.4592,0.0039,4.4631,-2.3578,-13.6997
75%,2040,fuel_stores,6.1185,0.9650,7.0835,-3.5019,-20.3474
75%,2040,DSO,10.6380,0.0645,10.7025,-3.5495,-20.6238
75%,2040,utility_vre,120.9935,0.0934,121.0869,-5.8609,-34.0542
75%,2040,gas_power,1.5261,0.0865,1.6126,-7.7980,-45.3097
75%,2040,solar_rooftop,2.9346,0.0340,2.9686,-9.9437,-57.7772
65%,2040,biomass,23.7519,51.2199,74.9717,36.9958,82.4788
65%,2040,boilers,72.8637,2.7217,75.5854,26.7282,59.5881
65%,2040,fossil_and_unsustainable_fuel,0.0000,21.4183,21.4183,7.4982,16.7164
65%,2040,hydrogen,26.8708,2.0790,28.9498,5.8062,12.9443
65%,2040,synthetic_fuels,7.8022,0.6375,8.4397,5.5092,12.2822
65%,2040,heat_storage,6.7949,0.0086,6.8034,5.2419,11.6864
65%,2040,firm_power,0.0000,17.5416,17.5416,1.6637,3.7091
65%,2040,solar_thermal,1.6130,0.0005,1.6135,1.6102,3.5899
65%,2040,gas_storage,31.1192,0.0000,31.1192,0.0012,0.0027
65%,2040,residual_vs_objective,0.0000,0.0000,0.0000,0.0000,0.0000
65%,2040,carbon_price,0.0000,116.2755,116.2755,-0.0008,-0.0018
65%,2040,other,0.0022,0.0679,0.0702,-0.0062,-0.0139
65%,2040,home_battery,6.7060,0.0079,6.7139,-0.1070,-0.2386
65%,2040,load_shedding,0.0000,0.0386,0.0386,-0.1889,-0.4211
65%,2040,TSO_AC,2.1080,0.0000,2.1080,-0.3770,-0.8405
65%,2040,ccs,8.5212,0.0254,8.5465,-0.4565,-1.0177
65%,2040,oil,0.0000,116.2367,116.2367,-1.2504,-2.7877
65%,2040,grid_battery,10.2576,0.0020,10.2595,-1.7285,-3.8535
65%,2040,utility_vre,124.7695,0.0955,124.8650,-2.0829,-4.6436
65%,2040,TSO_DC,4.8284,0.0039,4.8323,-2.2802,-5.0835
65%,2040,DSO,9.2200,0.0612,9.2812,-4.9707,-11.0817
65%,2040,heat_pumps,37.2737,-0.0227,37.2510,-5.0178,-11.1867
65%,2040,fuel_stores,3.5996,0.9650,4.5645,-6.0209,-13.4230
65%,2040,gas_power,0.5524,0.0241,0.5765,-8.8341,-19.6948
65%,2040,solar_rooftop,0.0000,0.0346,0.0346,-12.8778,-28.7098
50%,2040,load_shedding,0.0000,992.5019,992.5019,992.2743,81.9715
50%,2040,boilers,93.8545,2.9384,96.7929,47.9357,3.9600
50%,2040,biomass,28.3454,51.0790,79.4243,41.4485,3.4240
50%,2040,hydrogen,55.2653,0.0426,55.3079,32.1642,2.6571
50%,2040,utility_vre,157.7826,0.1106,157.8932,30.9453,2.5564
50%,2040,fossil_and_unsustainable_fuel,0.0000,39.3422,39.3422,25.4221,2.1001
50%,2040,home_battery,30.6806,0.0068,30.6874,23.8665,1.9716
50%,2040,heat_storage,23.9146,0.0151,23.9297,22.3682,1.8478
50%,2040,synthetic_fuels,19.1952,2.6894,21.8846,18.9540,1.5658
50%,2040,solar_thermal,13.5891,0.0016,13.5907,13.5875,1.1225
50%,2040,heat_pumps,55.8185,-0.0153,55.8032,13.5345,1.1181
50%,2040,grid_battery,19.0446,0.0041,19.0487,7.0607,0.5833
50%,2040,ccs,11.5360,0.0295,11.5656,2.5625,0.2117
50%,2040,firm_power,0.0000,17.6125,17.6125,1.7346,0.1433
50%,2040,gas_storage,31.1220,0.0000,31.1220,0.0040,0.0003
50%,2040,residual_vs_objective,0.0000,-0.0000,-0.0000,-0.0000,-0.0000
50%,2040,carbon_price,0.0000,116.2763,116.2763,-0.0001,-0.0000
50%,2040,other,0.0052,0.0625,0.0677,-0.0086,-0.0007
50%,2040,TSO_AC,1.6267,0.0000,1.6267,-0.8582,-0.0709
50%,2040,TSO_DC,1.1710,0.0021,1.1731,-5.9393,-0.4906
50%,2040,DSO,7.0920,0.0566,7.1486,-7.1034,-0.5868
50%,2040,fuel_stores,2.2975,0.9616,3.2591,-7.3263,-0.6052
50%,2040,gas_power,0.0030,0.0025,0.0055,-9.4052,-0.7770
50%,2040,solar_rooftop,0.0000,0.0348,0.0348,-12.8776,-1.0638
50%,2040,oil,0.0000,97.6545,97.6545,-19.8326,-1.6384
