scenario,year,opening_rab_bn,capex_bn,depreciation_bn,new_rab_bn,mar_capex_bn,opex_bn,allowable_revenue_bn,twh_dso,tariff_direct_eur_per_mwh,tariff_scaled_from_2020_eur_per_mwh,mar_index_2020
Original Excel,2020,700.0000,29.0000,16.6667,712.3333,56.0327,56.0327,112.0653,2071.6522,54.0947,53.0089,1.0000
Original Excel,2021,712.3333,32.0000,16.9603,727.3730,57.1543,56.5930,113.7473,2162.2276,52.6065,51.5506,1.0150
Original Excel,2022,727.3730,35.0000,17.3184,745.0546,58.4865,57.1589,115.6455,2252.8030,51.3340,50.3037,1.0319
Original Excel,2023,745.0546,36.0000,17.7394,763.3152,59.9163,57.7305,117.6469,2343.3783,50.2040,49.1963,1.0498
Original Excel,2024,763.3152,40.0000,18.1742,785.1410,61.5532,58.3078,119.8610,2433.9537,49.2454,48.2570,1.0696
Original Excel,2025,785.1410,60.0000,18.6938,826.4472,64.3315,58.8909,123.2223,2524.5291,48.8100,47.8303,1.0996
Original Excel,2026,826.4472,72.0000,19.6773,878.7699,68.1935,59.4798,127.6733,2615.1045,48.8215,47.8416,1.1393
Original Excel,2027,878.7699,72.0000,20.9231,929.8468,72.2647,60.0746,132.3393,2705.6799,48.9117,47.9299,1.1809
Original Excel,2028,929.8468,72.0000,22.1392,979.7076,76.2389,60.6753,136.9143,2796.2553,48.9634,47.9807,1.2217
Original Excel,2029,979.7076,72.0000,23.3264,1028.3812,80.1186,61.2821,141.4007,2886.8307,48.9813,47.9982,1.2618
Original Excel,2030,1028.3812,72.0000,24.4853,1075.8960,83.9059,61.8949,145.8008,2977.4061,48.9691,47.9862,1.3010
Original Excel,2031,1075.8960,72.0000,24.4853,1123.4107,86.4716,62.5139,148.9855,3014.7057,49.4196,48.4277,1.3295
Original Excel,2032,1123.4107,72.0000,24.4853,1170.9254,89.0374,63.1390,152.1765,3052.0053,49.8611,48.8603,1.3579
Original Excel,2033,1170.9254,72.0000,24.4853,1218.4402,91.6032,63.7704,155.3736,3089.3049,50.2940,49.2846,1.3865
Original Excel,2034,1218.4402,72.0000,24.4853,1265.9549,94.1690,64.4081,158.5771,3126.6045,50.7186,49.7006,1.4150
Original Excel,2035,1265.9549,72.0000,24.4853,1313.4696,96.7348,65.0522,161.7870,3163.9042,51.1352,50.1089,1.4437
Original Excel,2036,1313.4696,72.0000,24.4853,1360.9844,99.3006,65.7027,165.0033,3201.2038,51.5442,50.5096,1.4724
Original Excel,2037,1360.9844,72.0000,24.4853,1408.4991,101.8664,66.3597,168.2262,3238.5034,51.9456,50.9030,1.5011
Original Excel,2038,1408.4991,72.0000,24.4853,1456.0138,104.4322,67.0233,171.4556,3275.8030,52.3400,51.2895,1.5300
Original Excel,2039,1456.0138,72.0000,24.4853,1503.5285,106.9980,67.6936,174.6916,3313.1026,52.7275,51.6692,1.5588
Original Excel,2040,1503.5285,72.0000,24.4853,1551.0433,109.5638,68.3705,177.9343,3350.4022,53.1083,52.0424,1.5878
Original Excel,2041,1551.0433,60.0000,24.4853,1586.5580,111.4816,69.0542,180.5358,3350.4022,53.8848,52.8033,1.6110
Original Excel,2042,1586.5580,60.0000,24.4853,1622.0727,113.3994,69.7447,183.1441,3350.4022,54.6633,53.5662,1.6343
Original Excel,2043,1622.0727,60.0000,24.4853,1657.5875,115.3172,70.4422,185.7594,3350.4022,55.4439,54.3311,1.6576
Original Excel,2044,1657.5875,60.0000,24.4853,1693.1022,117.2350,71.1466,188.3816,3350.4022,56.2266,55.0980,1.6810
Original Excel,2045,1693.1022,60.0000,24.4853,1728.6169,119.1528,71.8581,191.0109,3350.4022,57.0113,55.8670,1.7045
Original Excel,2046,1728.6169,60.0000,24.4853,1764.1317,121.0706,72.5767,193.6472,3350.4022,57.7982,56.6381,1.7280
Original Excel,2047,1764.1317,60.0000,24.4853,1799.6464,122.9884,73.3024,196.2908,3350.4022,58.5872,57.4113,1.7516
Original Excel,2048,1799.6464,60.0000,24.4853,1835.1611,124.9062,74.0355,198.9416,3350.4022,59.3784,58.1866,1.7752
Original Excel,2049,1835.1611,60.0000,24.4853,1870.6759,126.8240,74.7758,201.5998,3350.4022,60.1718,58.9641,1.7989
Original Excel,2050,1870.6759,60.0000,24.4853,1906.1906,128.7418,75.5236,204.2653,3350.4022,60.9674,59.7437,1.8227
Original Excel,2051,1906.1906,60.0000,24.4853,1941.7053,130.6596,76.2788,206.9384,,,,1.8466
Original Excel,2052,1941.7053,60.0000,24.4853,1977.2201,132.5774,77.0416,209.6189,,,,1.8705
Original Excel,2053,1977.2201,60.0000,24.4853,2012.7348,134.4952,77.8120,212.3072,,,,1.8945
Original Excel,2054,2012.7348,60.0000,24.4853,2048.2495,136.4129,78.5901,215.0031,,,,1.9186
Original Excel,2055,2048.2495,60.0000,24.4853,2083.7643,138.3307,79.3760,217.7068,,,,1.9427
Original Excel,2056,2083.7643,60.0000,24.4853,2119.2790,140.2485,80.1698,220.4183,,,,1.9669
Original Excel,2057,2119.2790,60.0000,24.4853,2154.7937,142.1663,80.9715,223.1378,,,,1.9911
Original Excel,2058,2154.7937,60.0000,24.4853,2190.3085,144.0841,81.7812,225.8653,,,,2.0155
Build,2020,700.0000,29.0000,16.6667,712.3333,56.0327,56.0327,112.0653,2071.6522,54.0947,53.0089,1.0000
Build,2021,712.3333,32.0000,16.9603,727.3730,57.1543,56.5930,113.7473,2172.7273,52.3523,51.3015,1.0150
Build,2022,727.3730,35.0000,17.3184,745.0546,58.4865,57.1589,115.6455,2273.8024,50.8599,49.8391,1.0319
Build,2023,745.0546,36.0000,17.7394,763.3152,59.9163,57.7305,117.6469,2374.8776,49.5381,48.5438,1.0498
Build,2024,763.3152,40.0000,18.1742,785.1410,61.5532,58.3078,119.8610,2475.9527,48.4101,47.4384,1.0696
Build,2025,785.1410,60.0000,18.6938,826.4472,64.3315,58.8909,123.2223,2577.0278,47.8157,46.8559,1.0996
Build,2026,826.4472,72.0000,19.6773,878.7699,68.1935,59.4798,127.6733,2678.1030,47.6730,46.7161,1.1393
Build,2027,878.7699,72.0000,20.9231,929.8468,72.2647,60.0746,132.3393,2779.1781,47.6181,46.6624,1.1809
Build,2028,929.8468,72.0000,22.1392,979.7076,76.2389,60.6753,136.9143,2880.2532,47.5355,46.5814,1.2217
Build,2029,979.7076,72.0000,23.3264,1028.3812,80.1186,61.2821,141.4007,2981.3283,47.4288,46.4768,1.2618
Build,2030,1028.3812,72.0000,24.4853,1075.8960,83.9059,61.8949,145.8008,3082.4035,47.3010,46.3516,1.3010
Build,2031,1075.8960,72.0000,24.4853,1123.4107,86.4716,62.5139,148.9855,3166.8835,47.0448,46.1006,1.3295
Build,2032,1123.4107,72.0000,24.4853,1170.9254,89.0374,63.1390,152.1765,3251.3635,46.8039,45.8645,1.3579
Build,2033,1170.9254,72.0000,24.4853,1218.4402,91.6032,63.7704,155.3736,3335.8435,46.5770,45.6421,1.3865
Build,2034,1218.4402,72.0000,24.4853,1265.9549,94.1690,64.4081,158.5771,3420.3236,46.3632,45.4326,1.4150
Build,2035,1265.9549,72.0000,24.4853,1313.4696,96.7348,65.0522,161.7870,3504.8036,46.1615,45.2350,1.4437
Build,2036,1313.4696,72.0000,24.4853,1360.9844,99.3006,65.7027,165.0033,3589.2836,45.9711,45.0484,1.4724
Build,2037,1360.9844,72.0000,24.4853,1408.4991,101.8664,66.3597,168.2262,3673.7636,45.7912,44.8721,1.5011
Build,2038,1408.4991,72.0000,24.4853,1456.0138,104.4322,67.0233,171.4556,3758.2437,45.6212,44.7055,1.5300
Build,2039,1456.0138,72.0000,24.4853,1503.5285,106.9980,67.6936,174.6916,3842.7237,45.4604,44.5479,1.5588
Build,2040,1503.5285,72.0000,24.4853,1551.0433,109.5638,68.3705,177.9343,3927.2037,45.3081,44.3987,1.5878
Build,2041,1551.0433,60.0000,24.4853,1586.5580,111.4816,69.0542,180.5358,3927.2037,45.9706,45.0479,1.6110
Build,2042,1586.5580,60.0000,24.4853,1622.0727,113.3994,69.7447,183.1441,3927.2037,46.6347,45.6987,1.6343
Build,2043,1622.0727,60.0000,24.4853,1657.5875,115.3172,70.4422,185.7594,3927.2037,47.3007,46.3513,1.6576
Build,2044,1657.5875,60.0000,24.4853,1693.1022,117.2350,71.1466,188.3816,3927.2037,47.9684,47.0056,1.6810
Build,2045,1693.1022,60.0000,24.4853,1728.6169,119.1528,71.8581,191.0109,3927.2037,48.6379,47.6616,1.7045
Build,2046,1728.6169,60.0000,24.4853,1764.1317,121.0706,72.5767,193.6472,3927.2037,49.3092,48.3195,1.7280
Build,2047,1764.1317,60.0000,24.4853,1799.6464,122.9884,73.3024,196.2908,3927.2037,49.9823,48.9791,1.7516
Build,2048,1799.6464,60.0000,24.4853,1835.1611,124.9062,74.0355,198.9416,3927.2037,50.6573,49.6405,1.7752
Build,2049,1835.1611,60.0000,24.4853,1870.6759,126.8240,74.7758,201.5998,3927.2037,51.3342,50.3038,1.7989
Build,2050,1870.6759,60.0000,24.4853,1906.1906,128.7418,75.5236,204.2653,3927.2037,52.0129,50.9689,1.8227
Build,2051,1906.1906,60.0000,24.4853,1941.7053,130.6596,76.2788,206.9384,,,,1.8466
Build,2052,1941.7053,60.0000,24.4853,1977.2201,132.5774,77.0416,209.6189,,,,1.8705
Build,2053,1977.2201,60.0000,24.4853,2012.7348,134.4952,77.8120,212.3072,,,,1.8945
Build,2054,2012.7348,60.0000,24.4853,2048.2495,136.4129,78.5901,215.0031,,,,1.9186
Build,2055,2048.2495,60.0000,24.4853,2083.7643,138.3307,79.3760,217.7068,,,,1.9427
Build,2056,2083.7643,60.0000,24.4853,2119.2790,140.2485,80.1698,220.4183,,,,1.9669
Build,2057,2119.2790,60.0000,24.4853,2154.7937,142.1663,80.9715,223.1378,,,,1.9911
Build,2058,2154.7937,60.0000,24.4853,2190.3085,144.0841,81.7812,225.8653,,,,2.0155
85%,2020,700.0000,29.0000,16.6667,712.3333,56.0327,56.0327,112.0653,2071.6522,54.0947,53.0089,1.0000
85%,2021,712.3333,32.0000,16.9603,727.3730,57.1543,56.5930,113.7473,2149.1449,52.9268,51.8644,1.0150
85%,2022,727.3730,35.0000,17.3184,745.0546,58.4865,57.1589,115.6455,2226.6377,51.9373,50.8948,1.0319
85%,2023,745.0546,36.0000,17.7394,763.3152,59.9163,57.7305,117.6469,2304.1305,51.0591,50.0343,1.0498
85%,2024,763.3152,40.0000,18.1742,785.1410,61.5532,58.3078,119.8610,2381.6233,50.3274,49.3173,1.0696
85%,2025,785.1410,60.0000,18.6938,826.4472,64.3315,58.8909,123.2223,2459.1161,50.1084,49.1026,1.0996
85%,2026,826.4472,61.2001,19.6773,867.9700,67.6103,59.4798,127.0901,2536.6088,50.1024,49.0967,1.1341
85%,2027,867.9700,61.2001,20.6660,908.5041,70.8411,60.0746,130.9157,2614.1016,50.0806,49.0754,1.1682
85%,2028,908.5041,61.2001,21.6311,948.0732,73.9951,60.6753,134.6704,2691.5944,50.0337,49.0294,1.2017
85%,2029,948.0732,61.2001,22.5732,986.7001,77.0739,61.2821,138.3560,2769.0872,49.9645,48.9616,1.2346
85%,2030,986.7001,61.2001,23.4929,1024.4073,80.0795,61.8949,141.9744,2846.5799,49.8754,48.8743,1.2669
85%,2031,1024.4073,61.1961,23.4929,1062.1106,82.1154,62.5139,144.6293,2935.4487,49.2699,48.2810,1.2906
85%,2032,1062.1106,61.1961,23.4929,1099.8138,84.1514,63.1390,147.2904,3024.3175,48.7020,47.7245,1.3143
85%,2033,1099.8138,61.1961,23.4929,1137.5170,86.1874,63.7704,149.9578,3113.1862,48.1686,47.2018,1.3381
85%,2034,1137.5170,61.1961,23.4929,1175.2203,88.2234,64.4081,152.6315,3202.0550,47.6667,46.7100,1.3620
85%,2035,1175.2203,61.1961,23.4929,1212.9235,90.2593,65.0522,155.3115,3290.9238,47.1939,46.2466,1.3859
85%,2036,1212.9235,61.1961,23.4929,1250.6267,92.2953,65.7027,157.9980,3379.7925,46.7478,45.8095,1.4099
85%,2037,1250.6267,61.1961,23.4929,1288.3299,94.3313,66.3597,160.6910,3468.6613,46.3265,45.3967,1.4339
85%,2038,1288.3299,61.1961,23.4929,1326.0332,96.3673,67.0233,163.3906,3557.5301,45.9281,45.0062,1.4580
85%,2039,1326.0332,61.1961,23.4929,1363.7364,98.4032,67.6936,166.0968,3646.3988,45.5509,44.6366,1.4821
85%,2040,1363.7364,61.1961,23.4929,1401.4396,100.4392,68.3705,168.8097,3735.2676,45.1935,44.2864,1.5064
85%,2041,1401.4396,60.0000,23.4929,1437.9468,102.4106,69.0542,171.4648,3735.2676,45.9043,44.9829,1.5300
85%,2042,1437.9468,60.0000,23.4929,1474.4539,104.3820,69.7447,174.1267,3735.2676,46.6169,45.6813,1.5538
85%,2043,1474.4539,60.0000,23.4929,1510.9611,106.3534,70.4422,176.7956,3735.2676,47.3314,46.3814,1.5776
85%,2044,1510.9611,60.0000,23.4929,1547.4682,108.3248,71.1466,179.4714,3735.2676,48.0478,47.0834,1.6015
85%,2045,1547.4682,60.0000,23.4929,1583.9753,110.2961,71.8581,182.1542,3735.2676,48.7660,47.7872,1.6254
85%,2046,1583.9753,60.0000,23.4929,1620.4825,112.2675,72.5767,184.8442,3735.2676,49.4862,48.4929,1.6494
85%,2047,1620.4825,60.0000,23.4929,1656.9896,114.2389,73.3024,187.5413,3735.2676,50.2083,49.2005,1.6735
85%,2048,1656.9896,60.0000,23.4929,1693.4968,116.2103,74.0355,190.2458,3735.2676,50.9323,49.9100,1.6976
85%,2049,1693.4968,60.0000,23.4929,1730.0039,118.1817,74.7758,192.9575,3735.2676,51.6583,50.6214,1.7218
85%,2050,1730.0039,60.0000,23.4929,1766.5110,120.1531,75.5236,195.6766,3735.2676,52.3862,51.3348,1.7461
85%,2051,1766.5110,60.0000,23.4929,1803.0182,122.1245,76.2788,198.4033,,,,1.7704
85%,2052,1803.0182,60.0000,23.4929,1839.5253,124.0958,77.0416,201.1374,,,,1.7948
85%,2053,1839.5253,60.0000,23.4929,1876.0325,126.0672,77.8120,203.8792,,,,1.8193
85%,2054,1876.0325,60.0000,23.4929,1912.5396,128.0386,78.5901,206.6287,,,,1.8438
85%,2055,1912.5396,60.0000,23.4929,1949.0467,130.0100,79.3760,209.3860,,,,1.8684
85%,2056,1949.0467,60.0000,23.4929,1985.5539,131.9814,80.1698,212.1512,,,,1.8931
85%,2057,1985.5539,60.0000,23.4929,2022.0610,133.9528,80.9715,214.9243,,,,1.9178
85%,2058,2022.0610,60.0000,23.4929,2058.5682,135.9242,81.7812,217.7054,,,,1.9427
75%,2020,700.0000,29.0000,16.6667,712.3333,56.0327,56.0327,112.0653,2071.6522,54.0947,53.0089,1.0000
75%,2021,712.3333,32.0000,16.9603,727.3730,57.1543,56.5930,113.7473,2118.6767,53.6879,52.6103,1.0150
75%,2022,727.3730,35.0000,17.3184,745.0546,58.4865,57.1589,115.6455,2165.7012,53.3986,52.3268,1.0319
75%,2023,745.0546,36.0000,17.7394,763.3152,59.9163,57.7305,117.6469,2212.7256,53.1683,52.1011,1.0498
75%,2024,763.3152,40.0000,18.1742,785.1410,61.5532,58.3078,119.8610,2259.7501,53.0417,51.9771,1.0696
75%,2025,785.1410,60.0000,18.6938,826.4472,64.3315,58.8909,123.2223,2306.7746,53.4176,52.3454,1.0996
75%,2026,826.4472,54.0015,19.6773,860.7714,67.2215,59.4798,126.7013,2353.7991,53.8284,52.7480,1.1306
75%,2027,860.7714,54.0015,20.4946,894.2783,69.8923,60.0746,129.9669,2400.8236,54.1343,53.0477,1.1597
75%,2028,894.2783,54.0015,21.2923,926.9875,72.4995,60.6753,133.1748,2447.8481,54.4048,53.3129,1.1884
75%,2029,926.9875,54.0015,22.0711,958.9179,75.0445,61.2821,136.3266,2494.8726,54.6427,53.5460,1.2165
75%,2030,958.9179,54.0015,22.8314,990.0880,77.5290,61.8949,139.4239,2541.8971,54.8504,53.7494,1.2441
75%,2031,990.0880,53.9983,22.8314,1021.2550,79.2120,62.5139,141.7259,2641.3655,53.6563,52.5793,1.2647
75%,2032,1021.2550,53.9983,22.8314,1052.4219,80.8951,63.1390,144.0341,2740.8339,52.5512,51.4964,1.2853
75%,2033,1052.4219,53.9983,22.8314,1083.5889,82.5781,63.7704,146.3485,2840.3023,51.5257,50.4915,1.3059
75%,2034,1083.5889,53.9983,22.8314,1114.7559,84.2611,64.4081,148.6692,2939.7707,50.5717,49.5566,1.3266
75%,2035,1114.7559,53.9983,22.8314,1145.9228,85.9441,65.0522,150.9963,3039.2391,49.6823,48.6851,1.3474
75%,2036,1145.9228,53.9983,22.8314,1177.0898,87.6271,65.7027,153.3298,3138.7075,48.8513,47.8707,1.3682
75%,2037,1177.0898,53.9983,22.8314,1208.2568,89.3101,66.3597,155.6699,3238.1759,48.0733,47.1084,1.3891
75%,2038,1208.2568,53.9983,22.8314,1239.4237,90.9932,67.0233,158.0165,3337.6443,47.3437,46.3935,1.4100
75%,2039,1239.4237,53.9983,22.8314,1270.5907,92.6762,67.6936,160.3697,3437.1127,46.6583,45.7218,1.4310
75%,2040,1270.5907,53.9983,22.8314,1301.7577,94.3592,68.3705,162.7297,3536.5811,46.0133,45.0897,1.4521
75%,2041,1301.7577,60.0000,22.8314,1338.9263,96.3663,69.0542,165.4205,3536.5811,46.7741,45.8353,1.4761
75%,2042,1338.9263,60.0000,22.8314,1376.0949,98.3734,69.7447,168.1181,3536.5811,47.5369,46.5828,1.5002
75%,2043,1376.0949,60.0000,22.8314,1413.2635,100.3805,70.4422,170.8227,3536.5811,48.3016,47.3322,1.5243
75%,2044,1413.2635,60.0000,22.8314,1450.4322,102.3876,71.1466,173.5342,3536.5811,49.0684,48.0835,1.5485
75%,2045,1450.4322,60.0000,22.8314,1487.6008,104.3947,71.8581,176.2528,3536.5811,49.8371,48.8367,1.5728
75%,2046,1487.6008,60.0000,22.8314,1524.7694,106.4018,72.5767,178.9785,3536.5811,50.6078,49.5920,1.5971
75%,2047,1524.7694,60.0000,22.8314,1561.9380,108.4089,73.3024,181.7114,3536.5811,51.3805,50.3492,1.6215
75%,2048,1561.9380,60.0000,22.8314,1599.1066,110.4160,74.0355,184.4515,3536.5811,52.1553,51.1085,1.6459
75%,2049,1599.1066,60.0000,22.8314,1636.2753,112.4231,74.7758,187.1989,3536.5811,52.9322,51.8697,1.6704
75%,2050,1636.2753,60.0000,22.8314,1673.4439,114.4302,75.5236,189.9538,3536.5811,53.7111,52.6331,1.6950
75%,2051,1673.4439,60.0000,22.8314,1710.6125,116.4373,76.2788,192.7162,,,,1.7197
75%,2052,1710.6125,60.0000,22.8314,1747.7811,118.4445,77.0416,195.4860,,,,1.7444
75%,2053,1747.7811,60.0000,22.8314,1784.9498,120.4516,77.8120,198.2636,,,,1.7692
75%,2054,1784.9498,60.0000,22.8314,1822.1184,122.4587,78.5901,201.0488,,,,1.7940
75%,2055,1822.1184,60.0000,22.8314,1859.2870,124.4658,79.3760,203.8418,,,,1.8190
75%,2056,1859.2870,60.0000,22.8314,1896.4556,126.4729,80.1698,206.6427,,,,1.8439
75%,2057,1896.4556,60.0000,22.8314,1933.6242,128.4800,80.9715,209.4515,,,,1.8690
75%,2058,1933.6242,60.0000,22.8314,1970.7929,130.4871,81.7812,212.2683,,,,1.8941
65%,2020,700.0000,29.0000,16.6667,712.3333,56.0327,56.0327,112.0653,2071.6522,54.0947,53.0089,1.0000
65%,2021,712.3333,32.0000,16.9603,727.3730,57.1543,56.5930,113.7473,2100.8892,54.1425,53.0557,1.0150
65%,2022,727.3730,35.0000,17.3184,745.0546,58.4865,57.1589,115.6455,2130.1263,54.2904,53.2007,1.0319
65%,2023,745.0546,36.0000,17.7394,763.3152,59.9163,57.7305,117.6469,2159.3634,54.4822,53.3886,1.0498
65%,2024,763.3152,40.0000,18.1742,785.1410,61.5532,58.3078,119.8610,2188.6004,54.7661,53.6668,1.0696
65%,2025,785.1410,60.0000,18.6938,826.4472,64.3315,58.8909,123.2223,2217.8375,55.5597,54.4445,1.0996
65%,2026,826.4472,46.8005,19.6773,853.5704,66.8327,59.4798,126.3125,2247.0746,56.2120,55.0837,1.1271
65%,2027,853.5704,46.8005,20.3231,880.0478,68.9431,60.0746,129.0177,2276.3116,56.6784,55.5408,1.1513
65%,2028,880.0478,46.8005,20.9535,905.8948,71.0033,60.6753,131.6787,2305.5487,57.1138,55.9674,1.1750
65%,2029,905.8948,46.8005,21.5689,931.1264,73.0145,61.2821,134.2966,2334.7858,57.5199,56.3654,1.1984
65%,2030,931.1264,46.8005,22.1697,955.7573,74.9777,61.8949,136.8727,2364.0228,57.8982,56.7361,1.2214
65%,2031,955.7573,46.8006,22.1697,980.3882,76.3078,62.5139,138.8217,2460.7517,56.4143,55.2820,1.2388
65%,2032,980.3882,46.8006,22.1697,1005.0191,77.6379,63.1390,140.7769,2557.4807,55.0451,53.9403,1.2562
65%,2033,1005.0191,46.8006,22.1697,1029.6500,78.9679,63.7704,142.7383,2654.2096,53.7781,52.6987,1.2737
65%,2034,1029.6500,46.8006,22.1697,1054.2809,80.2980,64.4081,144.7061,2750.9385,52.6025,51.5466,1.2913
65%,2035,1054.2809,46.8006,22.1697,1078.9118,81.6281,65.0522,146.6803,2847.6674,51.5089,50.4750,1.3089
65%,2036,1078.9118,46.8006,22.1697,1103.5427,82.9581,65.7027,148.6609,2944.3964,50.4894,49.4760,1.3266
65%,2037,1103.5427,46.8006,22.1697,1128.1736,84.2882,66.3597,150.6479,3041.1253,49.5369,48.5426,1.3443
65%,2038,1128.1736,46.8006,22.1697,1152.8045,85.6183,67.0233,152.6416,3137.8542,48.6452,47.6688,1.3621
65%,2039,1152.8045,46.8006,22.1697,1177.4354,86.9483,67.6936,154.6419,3234.5831,47.8089,46.8493,1.3799
65%,2040,1177.4354,46.8006,22.1697,1202.0663,88.2784,68.3705,156.6489,3331.3121,47.0232,46.0794,1.3978
65%,2041,1202.0663,60.0000,22.1697,1239.8966,90.3213,69.0542,159.3755,3331.3121,47.8416,46.8814,1.4222
65%,2042,1239.8966,60.0000,22.1697,1277.7269,92.3641,69.7447,162.1088,3331.3121,48.6622,47.6854,1.4466
65%,2043,1277.7269,60.0000,22.1697,1315.5572,94.4069,70.4422,164.8491,3331.3121,49.4847,48.4915,1.4710
65%,2044,1315.5572,60.0000,22.1697,1353.3875,96.4498,71.1466,167.5964,3331.3121,50.3094,49.2996,1.4955
65%,2045,1353.3875,60.0000,22.1697,1391.2179,98.4926,71.8581,170.3507,3331.3121,51.1362,50.1098,1.5201
65%,2046,1391.2179,60.0000,22.1697,1429.0482,100.5354,72.5767,173.1121,3331.3121,51.9651,50.9221,1.5447
65%,2047,1429.0482,60.0000,22.1697,1466.8785,102.5783,73.3024,175.8807,3331.3121,52.7962,51.7365,1.5694
65%,2048,1466.8785,60.0000,22.1697,1504.7088,104.6211,74.0355,178.6566,3331.3121,53.6295,52.5531,1.5942
65%,2049,1504.7088,60.0000,22.1697,1542.5392,106.6640,74.7758,181.4398,3331.3121,54.4650,53.3718,1.6191
65%,2050,1542.5392,60.0000,22.1697,1580.3695,108.7068,75.5236,184.2304,3331.3121,55.3026,54.1926,1.6440
65%,2051,1580.3695,60.0000,22.1697,1618.1998,110.7496,76.2788,187.0284,,,,1.6689
65%,2052,1618.1998,60.0000,22.1697,1656.0301,112.7925,77.0416,189.8341,,,,1.6940
65%,2053,1656.0301,60.0000,22.1697,1693.8604,114.8353,77.8120,192.6473,,,,1.7191
65%,2054,1693.8604,60.0000,22.1697,1731.6908,116.8781,78.5901,195.4683,,,,1.7442
65%,2055,1731.6908,60.0000,22.1697,1769.5211,118.9210,79.3760,198.2970,,,,1.7695
65%,2056,1769.5211,60.0000,22.1697,1807.3514,120.9638,80.1698,201.1336,,,,1.7948
65%,2057,1807.3514,60.0000,22.1697,1845.1817,123.0067,80.9715,203.9781,,,,1.8202
65%,2058,1845.1817,60.0000,22.1697,1883.0121,125.0495,81.7812,206.8307,,,,1.8456
50%,2020,700.0000,29.0000,16.6667,712.3333,56.0327,56.0327,112.0653,2071.6522,54.0947,53.0089,1.0000
50%,2021,712.3333,32.0000,16.9603,727.3730,57.1543,56.5930,113.7473,2068.5950,54.9877,53.8840,1.0150
50%,2022,727.3730,35.0000,17.3184,745.0546,58.4865,57.1589,115.6455,2065.5379,55.9881,54.8643,1.0319
50%,2023,745.0546,36.0000,17.7394,763.3152,59.9163,57.7305,117.6469,2062.4808,57.0414,55.8965,1.0498
50%,2024,763.3152,40.0000,18.1742,785.1410,61.5532,58.3078,119.8610,2059.4237,58.2012,57.0330,1.0696
50%,2025,785.1410,60.0000,18.6938,826.4472,64.3315,58.8909,123.2223,2056.3666,59.9224,58.7196,1.0996
50%,2026,826.4472,36.0002,19.6773,842.7701,66.2495,59.4798,125.7293,2053.3094,61.2325,60.0035,1.1219
50%,2027,842.7701,36.0002,20.0660,858.7044,67.5196,60.0746,127.5942,2050.2523,62.2334,60.9843,1.1386
50%,2028,858.7044,36.0002,20.4453,874.2593,68.7594,60.6753,129.4347,2047.1952,63.2254,61.9564,1.1550
50%,2029,874.2593,36.0002,20.8157,889.4438,69.9697,61.2821,131.2518,2044.1381,64.2089,62.9201,1.1712
50%,2030,889.4438,36.0002,21.1772,904.2668,71.1512,61.8949,133.0461,2041.0810,65.1842,63.8758,1.1872
50%,2031,904.2668,35.9989,21.1772,919.0885,71.9516,62.5139,134.4655,2136.5706,62.9352,61.6720,1.1999
50%,2032,919.0885,35.9989,21.1772,933.9101,72.7520,63.1390,135.8910,2232.0603,60.8814,59.6594,1.2126
50%,2033,933.9101,35.9989,21.1772,948.7318,73.5523,63.7704,137.3227,2327.5499,58.9988,57.8146,1.2254
50%,2034,948.7318,35.9989,21.1772,963.5535,74.3527,64.4081,138.7608,2423.0396,57.2672,56.1178,1.2382
50%,2035,963.5535,35.9989,21.1772,978.3751,75.1531,65.0522,140.2052,2518.5292,55.6695,54.5521,1.2511
50%,2036,978.3751,35.9989,21.1772,993.1968,75.9534,65.7027,141.6561,2614.0189,54.1909,53.1032,1.2640
50%,2037,993.1968,35.9989,21.1772,1008.0184,76.7538,66.3597,143.1135,2709.5085,52.8190,51.7588,1.2771
50%,2038,1008.0184,35.9989,21.1772,1022.8401,77.5542,67.0233,144.5775,2804.9982,51.5428,50.5083,1.2901
50%,2039,1022.8401,35.9989,21.1772,1037.6618,78.3545,67.6936,146.0481,2900.4878,50.3529,49.3423,1.3032
50%,2040,1037.6618,35.9989,21.1772,1052.4834,79.1549,68.3705,147.5254,2995.9775,49.2412,48.2528,1.3164
50%,2041,1052.4834,60.0000,21.1772,1091.3062,81.2513,69.0542,150.3055,2995.9775,50.1691,49.1621,1.3412
50%,2042,1091.3062,60.0000,21.1772,1130.1290,83.3478,69.7447,153.0925,2995.9775,51.0994,50.0737,1.3661
50%,2043,1130.1290,60.0000,21.1772,1168.9517,85.4442,70.4422,155.8864,2995.9775,52.0319,50.9875,1.3910
50%,2044,1168.9517,60.0000,21.1772,1207.7745,87.5406,71.1466,158.6872,2995.9775,52.9668,51.9036,1.4160
50%,2045,1207.7745,60.0000,21.1772,1246.5973,89.6371,71.8581,161.4951,2995.9775,53.9040,52.8220,1.4411
50%,2046,1246.5973,60.0000,21.1772,1285.4200,91.7335,72.5767,164.3102,2995.9775,54.8436,53.7428,1.4662
50%,2047,1285.4200,60.0000,21.1772,1324.2428,93.8299,73.3024,167.1323,2995.9775,55.7856,54.6659,1.4914
50%,2048,1324.2428,60.0000,21.1772,1363.0656,95.9263,74.0355,169.9618,2995.9775,56.7300,55.5913,1.5166
50%,2049,1363.0656,60.0000,21.1772,1401.8883,98.0228,74.7758,172.7986,2995.9775,57.6769,56.5192,1.5419
50%,2050,1401.8883,60.0000,21.1772,1440.7111,100.1192,75.5236,175.6428,2995.9775,58.6262,57.4495,1.5673
50%,2051,1440.7111,60.0000,21.1772,1479.5339,102.2156,76.2788,178.4944,,,,1.5928
50%,2052,1479.5339,60.0000,21.1772,1518.3566,104.3121,77.0416,181.3537,,,,1.6183
50%,2053,1518.3566,60.0000,21.1772,1557.1794,106.4085,77.8120,184.2205,,,,1.6439
50%,2054,1557.1794,60.0000,21.1772,1596.0022,108.5049,78.5901,187.0951,,,,1.6695
50%,2055,1596.0022,60.0000,21.1772,1634.8249,110.6014,79.3760,189.9774,,,,1.6952
50%,2056,1634.8249,60.0000,21.1772,1673.6477,112.6978,80.1698,192.8676,,,,1.7210
50%,2057,1673.6477,60.0000,21.1772,1712.4705,114.7942,80.9715,195.7657,,,,1.7469
50%,2058,1712.4705,60.0000,21.1772,1751.2932,116.8906,81.7812,198.6718,,,,1.7728
